Date,close
2019-07-04,626.3584594726562
2019-07-05,637.7123413085938
2019-07-08,648.2481689453125
2019-07-09,638.6984252929688
2019-07-10,637.5679321289062
2019-07-11,637.4716796875
2019-07-12,626.9597778320312
2019-07-15,610.5064697265625
2019-07-16,602.5443725585938
2019-07-17,617.7709350585938
2019-07-18,608.5820922851562
2019-07-19,589.7953491210938
2019-07-22,581.1357421875
2019-07-23,582.362548828125
2019-07-24,585.7542114257812
2019-07-25,601.197265625
2019-07-26,588.280029296875
2019-07-29,580.0292358398438
2019-07-30,588.9776000976562
2019-07-31,579.091064453125
2019-08-01,585.6580200195312
2019-08-02,591.5033569335938
2019-08-05,572.5482788085938
2019-08-06,574.0877075195312
2019-08-07,577.2869262695312
2019-08-08,562.9024047851562
2019-08-09,563.0225830078125
2019-08-13,558.1875610351562
2019-08-14,544.8854370117188
2019-08-16,553.208251953125
2019-08-19,565.9813232421875
2019-08-20,560.71337890625
2019-08-21,552.2702026367188
2019-08-22,553.4008178710938
2019-08-23,554.5553588867188
2019-08-26,558.211669921875
2019-08-27,564.8267211914062
2019-08-28,557.7306518554688
2019-08-29,571.4417114257812
2019-08-30,577.3351440429688
2019-09-03,577.3351440429688
2019-09-04,587.1011962890625
2019-09-05,594.7025756835938
2019-09-06,696.237060546875
2019-09-09,774.8956909179688
2019-09-11,769.8924560546875
2019-09-12,778.3836669921875
2019-09-13,781.0537719726562
2019-09-16,793.8988647460938
2019-09-17,813.9605102539062
2019-09-18,839.6748046875
2019-09-19,783.9161987304688
2019-09-20,810.4725341796875
2019-09-23,818.194091796875
2019-09-24,893.8218383789062
2019-09-25,902.2649536132812
2019-09-26,916.1685791015624
2019-09-27,910.3955078125
2019-09-30,851.0767822265625
2019-10-01,860.4580688476562
2019-10-03,896.684326171875
2019-10-04,923.4090576171876
2019-10-07,923.7218017578124
2019-10-09,1089.217529296875
2019-10-10,1056.7919921875
2019-10-11,1041.15625
2019-10-14,1040.6751708984375
2019-10-15,1006.902587890625
2019-10-16,971.3258666992188
2019-10-17,970.09912109375
2019-10-18,971.9993286132812
2019-10-22,977.6041259765624
2019-10-23,959.4429321289062
2019-10-24,902.19287109375
2019-10-25,877.5848999023438
2019-10-27,1790.81884765625
2019-10-29,885.378662109375
2019-10-30,896.3235473632812
2019-10-31,894.1826782226562
2019-11-01,886.6295166015625
2019-11-04,878.13818359375
2019-11-05,858.5096435546875
2019-11-06,834.8399658203125
2019-11-07,837.1009521484375
2019-11-08,842.1524658203125
2019-11-11,936.7113037109376
2019-11-13,962.858642578125
2019-11-14,955.1370239257812
2019-11-15,927.0172729492188
2019-11-18,921.7974243164062
2019-11-19,971.1574096679688
2019-11-20,987.61083984375
2019-11-21,991.1950073242188
2019-11-22,1030.692626953125
2019-11-25,1014.2393188476562
2019-11-26,1035.335205078125
2019-11-27,1041.180419921875
2019-11-28,1038.414306640625
2019-11-29,1036.8507080078125
2019-12-02,1058.3555908203125
2019-12-03,1056.286865234375
2019-12-04,1052.8228759765625
2019-12-05,1042.8402099609375
2019-12-06,1025.1842041015625
2019-12-09,1021.3355102539062
2019-12-10,964.2056274414062
2019-12-11,966.9479370117188
2019-12-12,1003.0057983398438
2019-12-13,1016.5486450195312
2019-12-16,974.40478515625
2019-12-17,971.9512329101562
2019-12-18,971.9993286132812
2019-12-19,958.72119140625
2019-12-20,954.96875
2019-12-23,1029.8026123046875
2019-12-24,1005.9404907226562
2019-12-26,1001.3941650390624
2019-12-27,997.1605224609376
2019-12-30,990.6898803710938
2019-12-31,993.9131469726562
2020-01-01,990.4011840820312
2020-01-02,985.0369262695312
2020-01-03,999.1810302734376
2020-01-06,981.3806762695312
2020-01-07,980.41845703125
2020-01-08,970.3154907226562
2020-01-09,963.82080078125
2020-01-10,983.5696411132812
2020-01-13,991.4595947265624
2020-01-14,967.1402587890624
2020-01-15,975.3189697265624
2020-01-16,966.5630493164062
2020-01-17,1029.3936767578125
2020-01-20,1026.3388671875
2020-01-21,1006.8064575195312
2020-01-22,1144.71142578125
2020-01-23,1126.9110107421875
2020-01-24,1135.6669921875
2020-01-27,1120.0797119140625
2020-01-28,1124.0245361328125
2020-01-29,1124.866455078125
2020-01-30,1115.7017822265625
2020-01-31,1123.1346435546875
2020-02-03,1118.010986328125
2020-02-04,1137.1824951171875
2020-02-05,1153.97265625
2020-02-06,1174.2266845703125
2020-02-07,1165.8074951171875
2020-02-10,1160.1787109375
2020-02-11,1136.5810546875
2020-02-12,1164.9896240234375
2020-02-13,1169.3914794921875
2020-02-14,1203.5732421875
2020-02-17,1181.5633544921875
2020-02-18,1187.4324951171875
2020-02-19,1220.026611328125
2020-02-20,1255.3387451171875
2020-02-24,1281.077392578125
2020-02-25,1248.07421875
2020-02-26,1238.38037109375
2020-02-27,1182.2608642578125
2020-02-28,1157.484619140625
2020-03-02,1172.2540283203125
2020-03-03,1240.5933837890625
2020-03-04,1215.817138671875
2020-03-05,1261.8336181640625
2020-03-06,1224.380615234375
2020-03-09,1161.0447998046875
2020-03-11,1206.531982421875
2020-03-12,1104.083740234375
2020-03-13,1151.274658203125
2020-03-16,1111.18408203125
2020-03-17,1094.6649169921875
2020-03-18,1017.4301147460938
2020-03-19,962.9940185546876
2020-03-20,1068.992431640625
2020-03-23,909.6688232421876
2020-03-24,914.0400390625
2020-03-25,842.38427734375
2020-03-26,896.9171752929688
2020-03-27,892.062744140625
2020-03-30,890.5171508789062
2020-03-31,935.3170776367188
2020-04-01,977.7985229492188
2020-04-03,965.9645385742188
2020-04-07,1045.2763671875
2020-04-08,1066.384033203125
2020-04-09,1084.8597412109375
2020-04-13,1062.809814453125
2020-04-15,1023.3230590820312
2020-04-16,1058.2210693359375
2020-04-17,1081.043701171875
2020-04-20,1069.8135986328125
2020-04-21,1062.06103515625
2020-04-22,1096.6693115234375
2020-04-23,1080.89892578125
2020-04-24,1057.23095703125
2020-04-27,1077.3726806640625
2020-04-28,1080.681640625
2020-04-29,1092.2255859375
2020-04-30,1085.6083984375
2020-05-04,1093.771240234375
2020-05-05,1144.5364990234375
2020-05-06,1129.15234375
2020-05-07,1132.87158203125
2020-05-08,1141.3486328125
2020-05-11,1088.2408447265625
2020-05-12,1059.935791015625
2020-05-13,1062.664794921875
2020-05-14,1068.2921142578125
2020-05-15,1109.662841796875
2020-05-18,1102.5380859375
2020-05-19,1138.740478515625
2020-05-20,1153.8345947265625
2020-05-21,1210.6136474609375
2020-05-22,1226.794677734375
2020-05-26,1203.2957763671875
2020-05-27,1170.136474609375
2020-05-28,1138.9334716796875
2020-05-29,1196.630126953125
2020-06-01,1229.2822265625
2020-06-02,1191.558349609375
2020-06-03,1126.06103515625
2020-06-04,1126.4715576171875
2020-06-05,1125.8919677734375
2020-06-08,1114.202880859375
2020-06-09,1138.9334716796875
2020-06-10,1149.19775390625
2020-06-11,1098.5048828125
2020-06-12,1098.7706298828125
2020-06-15,1067.060302734375
2020-06-16,1054.646728515625
2020-06-17,1077.880126953125
2020-06-18,1088.60302734375
2020-06-19,1114.78271484375
2020-06-22,1138.378173828125
2020-06-23,1143.95703125
2020-06-24,1139.223388671875
2020-06-25,1154.7041015625
2020-06-26,1158.1817626953125
2020-06-29,1143.667236328125
2020-06-30,1123.0662841796875
2020-07-01,1067.6158447265625
2020-07-02,1023.97509765625
2020-07-03,1014.2664794921876
2020-07-06,1012.430908203125
2020-07-07,1057.472412109375
2020-07-08,1068.4610595703125
2020-07-09,1092.032470703125
2020-07-10,1076.841552734375
2020-07-13,1062.5924072265625
2020-07-14,1045.783447265625
2020-07-15,1051.289794921875
2020-07-16,1017.1403198242188
2020-07-17,990.477783203125
2020-07-20,1009.677734375
2020-07-21,1041.9432373046875
2020-07-22,1088.9168701171875
2020-07-23,1177.1884765625
2020-07-24,1185.9796142578125
2020-07-27,1179.7003173828125
2020-07-28,1162.45654296875
2020-07-29,1197.4996337890625
2020-07-30,1255.0511474609375
2020-07-31,1366.121337890625
2020-08-03,1396.8895263671875
2020-08-04,1397.1553955078125
2020-08-05,1467.531005859375
2020-08-06,1497.4539794921875
2020-08-07,1490.1845703125
2020-08-10,1481.6109619140625
2020-08-11,1429.4932861328125
2020-08-12,1409.882568359375
2020-08-13,1430.8699951171875
2020-08-14,1411.18701171875
2020-08-17,1416.306884765625
2020-08-18,1427.150634765625
2020-08-19,1439.8299560546875
2020-08-20,1478.1331787109375
2020-08-21,1562.3477783203125
2020-08-24,1700.6116943359375
2020-08-25,1791.0325927734375
2020-08-26,1760.65087890625
2020-08-27,1779.6575927734375
2020-08-28,1705.8040771484375
2020-08-31,1780.237060546875
2020-09-01,1849.0672607421875
2020-09-02,2203.43359375
2020-09-03,2058.359375
2020-09-04,1976.8983154296875
2020-09-07,2187.03564453125
2020-09-08,2296.777099609375
2020-09-09,2187.0595703125
2020-09-10,2289.2177734375
2020-09-11,2303.03271484375
2020-09-14,2424.72900390625
2020-09-15,2482.497802734375
2020-09-16,2480.686279296875
2020-09-17,2398.670166015625
2020-09-18,2417.507568359375
2020-09-21,2299.578857421875
2020-09-22,2347.3251953125
2020-09-23,2368.771484375
2020-09-24,2327.038330078125
2020-09-25,2537.755126953125
2020-09-28,2574.7060546875
2020-09-29,2462.114501953125
2020-09-30,2412.701416015625
2020-10-01,2412.242919921875
2020-10-05,2410.1416015625
2020-10-06,2425.13916015625
2020-10-07,2417.2421875
2020-10-08,2388.260986328125
2020-10-09,2415.333984375
2020-10-12,2417.531494140625
2020-10-13,2414.295654296875
2020-10-14,2414.367919921875
2020-10-15,2410.8662109375
2020-10-16,2416.131103515625
2020-10-19,2342.32568359375
2020-10-20,2361.380859375
2020-10-21,2389.95166015625
2020-10-22,2355.7294921875
2020-10-23,2414.82666015625
2020-10-26,2414.633544921875
2020-10-27,2414.875
2020-10-28,2389.1064453125
2020-10-29,2396.544921875
2020-10-30,2340.707763671875
2020-11-02,2281.828125
2020-11-03,2285.546875
2020-11-04,2343.8232421875
2020-11-05,2328.4873046875
2020-11-06,2391.787109375
2020-11-09,2424.294189453125
2020-11-10,2401.640380859375
2020-11-11,2408.306396484375
2020-11-12,2395.119384765625
2020-11-13,2412.53271484375
2020-11-14,4810.62255859375
2020-11-17,2347.228515625
2020-11-18,2311.340087890625
2020-11-19,2325.1787109375
2020-11-20,2412.749755859375
2020-11-23,2394.85400390625
2020-11-24,2325.202880859375
2020-11-25,2299.144287109375
2020-11-26,2269.197021484375
2020-11-27,2459.72314453125
2020-12-01,2485.2509765625
2020-12-02,2440.76513671875
2020-12-03,2421.154541015625
2020-12-04,2473.63427734375
2020-12-07,2467.717529296875
2020-12-08,2536.378662109375
2020-12-09,2564.079833984375
2020-12-10,2559.418701171875
2020-12-11,2587.989013671875
2020-12-14,2602.431396484375
2020-12-15,2602.2861328125
2020-12-16,2658.31640625
2020-12-17,2770.7392578125
2020-12-18,2935.979736328125
2020-12-21,2749.679443359375
2020-12-22,2896.130615234375
2020-12-23,2911.5390625
2020-12-24,3000.34228515625
2020-12-28,3027.753173828125
2020-12-29,3012.05517578125
2020-12-30,3019.372802734375
2020-12-31,3094.79638671875
2021-01-01,3399.629150390625
2021-01-04,3520.09423828125
2021-01-05,3472.75830078125
2021-01-06,3421.968994140625
2021-01-07,3585.591064453125
2021-01-08,3618.4609375
2021-01-11,3853.545654296875
2021-01-12,3969.180908203125
2021-01-13,3919.888427734375
2021-01-14,3958.84375
2021-01-15,3760.46826171875
2021-01-18,3605.95068359375
2021-01-19,3576.55908203125
2021-01-20,3535.767822265625
2021-01-21,3733.105224609375
2021-01-22,3812.706787109375
2021-01-25,3767.8828125
2021-01-27,3841.30126953125
2021-01-28,3841.736083984375
2021-01-29,3768.776123046875
2021-02-01,3758.77783203125
2021-02-02,3867.505126953125
2021-02-03,3987.752685546875
2021-02-04,4443.673828125
2021-02-05,4724.35595703125
2021-02-08,4435.22119140625
2021-02-09,4390.68701171875
2021-02-10,4504.63037109375
2021-02-11,4525.78662109375
2021-02-12,4448.8662109375
2021-02-15,4389.7451171875
2021-02-16,4277.5390625
2021-02-17,4133.599609375
2021-02-18,4375.375
2021-02-19,4268.33837890625
2021-02-22,4260.34423828125
2021-02-23,4447.92431640625
2021-02-24,4295.2666015625
2021-02-25,4199.14501953125
2021-02-26,4151.90576171875
2021-03-01,4144.70947265625
2021-03-02,4011.275390625
2021-03-03,3946.889404296875
2021-03-04,3954.52099609375
2021-03-05,3896.244873046875
2021-03-08,3912.13623046875
2021-03-09,3743.948974609375
2021-03-10,4057.862548828125
2021-03-12,4100.19921875
2021-03-15,4030.1376953125
2021-03-16,4067.90966796875
2021-03-17,3925.56396484375
2021-03-18,3992.486083984375
2021-03-19,3931.28759765625
2021-03-22,3860.86376953125
2021-03-23,3825.21728515625
2021-03-24,3773.67919921875
2021-03-25,3761.482666015625
2021-03-26,3765.99853515625
2021-03-30,3777.59130859375
2021-03-31,3737.5732421875
2021-04-01,3850.88916015625
2021-04-05,3866.345703125
2021-04-06,3841.76025390625
2021-04-07,3885.13525390625
2021-04-08,3968.84228515625
2021-04-09,4055.713134765625
2021-04-12,3808.625244140625
2021-04-13,3838.25830078125
2021-04-15,3885.13525390625
2021-04-16,3853.884033203125
2021-04-19,3741.84814453125
2021-04-20,3750.348876953125
2021-04-22,3860.018310546875
2021-04-23,3986.7138671875
2021-04-26,4036.271728515625
2021-04-27,4085.4677734375
2021-04-28,4205.71533203125
2021-04-29,4258.00146484375
2021-04-30,3839.34521484375
2021-05-03,3735.399658203125
2021-05-04,3586.94384765625
2021-05-05,3611.45703125
2021-05-06,3712.9873046875
2021-05-07,3602.03857421875
2021-05-10,3548.085205078125
2021-05-11,3363.209716796875
2021-05-12,3227.16748046875
2021-05-14,3288.82470703125
2021-05-17,3400.377685546875
2021-05-18,3698.279541015625
2021-05-19,3558.08349609375
2021-05-20,3640.02734375
2021-05-21,3707.094970703125
2021-05-24,3663.81640625
2021-05-25,3697.55517578125
2021-05-26,3642.828857421875
2021-05-27,3650.48486328125
2021-05-28,3591.508056640625
2021-05-31,3559.67724609375
2021-06-01,3494.832275390625
2021-06-02,3413.443603515625
2021-06-03,3330.533447265625
2021-06-04,3347.439453125
2021-06-07,3439.043701171875
2021-06-08,3497.4404296875
2021-06-09,3460.10302734375
2021-06-10,3491.5478515625
2021-06-11,3510.3369140625
2021-06-14,3481.863037109375
2021-06-15,3569.072021484375
2021-06-16,3526.638916015625
2021-06-17,3483.505615234375
2021-06-18,3516.640625
2021-06-21,3488.166748046875
2021-06-22,3459.136962890625
2021-06-23,3450.056396484375
2021-06-24,3420.6162109375
2021-06-25,3382.868408203125
2021-06-28,3395.740966796875
2021-06-29,3378.18310546875
2021-06-30,3377.338134765625
2021-07-01,3449.28369140625
2021-07-02,3509.588623046875
2021-07-05,3502.633056640625
2021-07-06,3527.9912109375
2021-07-07,3502.24658203125
2021-07-08,3536.178466796875
2021-07-09,3564.290283203125
2021-07-12,3546.394287109375
2021-07-13,3490.630126953125
2021-07-14,3573.226318359375
2021-07-15,3525.045166015625
2021-07-16,3491.716796875
2021-07-19,3407.357177734375
2021-07-20,3401.657958984375
2021-07-22,3386.92578125
2021-07-23,3502.125732421875
2021-07-26,3519.68359375
2021-07-27,3468.049072265625
2021-07-28,3421.847900390625
2021-07-29,3451.5537109375
2021-07-30,3451.288330078125
2021-08-02,3510.651123046875
2021-08-03,3551.2490234375
2021-08-04,3590.01123046875
2021-08-05,3565.42529296875
2021-08-06,3552.070068359375
2021-08-09,3495.580810546875
2021-08-10,3552.23876953125
2021-08-11,3453.051025390625
2021-08-12,3461.721435546875
2021-08-13,3498.11669921875
2021-08-16,3463.291015625
2021-08-17,3447.326904296875
2021-08-18,3436.19384765625
2021-08-20,3434.23779296875
2021-08-23,3415.81982421875
2021-08-24,3399.2412109375
2021-08-25,3396.143798828125
2021-08-26,3426.0087890625
2021-08-27,3457.71337890625
2021-08-30,3769.168701171875
2021-08-31,3798.840576171875
2021-09-01,3711.83447265625
2021-09-02,3946.3271484375
2021-09-03,3938.873291015625
2021-09-06,4317.73095703125
2021-09-07,4236.63037109375
2021-09-08,4356.16357421875
2021-09-09,4298.8779296875
2021-09-13,4214.001953125
2021-09-14,4248.1748046875
2021-09-15,4303.52392578125
2021-09-16,4234.37939453125
2021-09-17,4166.9765625
2021-09-20,3920.649169921875
2021-09-21,3981.032958984375
2021-09-22,4169.5185546875
2021-09-23,4144.6142578125
2021-09-24,4117.14501953125
2021-09-27,4175.83447265625
2021-09-28,4059.3505859375
2021-09-29,3993.1337890625
2021-09-30,4055.720703125
2021-10-01,4022.66015625
2021-10-04,4136.603515625
2021-10-05,4075.68701171875
2021-10-06,3967.963623046875
2021-10-07,4039.67431640625
2021-10-08,4262.3330078125
2021-10-11,4262.7685546875
2021-10-12,4229.7080078125
2021-10-13,4588.74462890625
2021-10-14,4563.9619140625
2021-10-18,4460.93359375
2021-10-19,4202.287109375
2021-10-20,4105.76953125
2021-10-21,4150.08349609375
2021-10-22,3829.600830078125
2021-10-25,3545.08251953125
2021-10-26,3506.64990234375
2021-10-27,3560.93505859375
2021-10-28,3448.2021484375
2021-10-29,3459.189453125
2021-11-01,3480.58447265625
2021-11-02,3479.640380859375
2021-11-03,3548.446533203125
2021-11-04,3548.446533203125
2021-11-08,3476.47021484375
2021-11-09,3491.184814453125
2021-11-10,3677.4189453125
2021-11-11,3635.936767578125
2021-11-12,3651.64404296875
2021-11-15,3711.083740234375
2021-11-16,3757.745361328125
2021-11-17,3780.37451171875
2021-11-18,3690.99609375
2021-11-22,3640.14794921875
2021-11-23,3631.8466796875
2021-11-24,3554.400390625
2021-11-25,3513.184326171875
2021-11-26,3532.061767578125
2021-11-29,3560.37841796875
2021-11-30,3610.8876953125
2021-12-01,3589.396484375
2021-12-02,3566.2109375
2021-12-03,3467.587890625
2021-12-06,3427.702880859375
2021-12-07,3458.463623046875
2021-12-08,3536.78125
2021-12-09,3528.020263671875
2021-12-10,3528.5283203125
2021-12-13,3468.314208984375
2021-12-14,3445.467041015625
2021-12-15,3459.8916015625
2021-12-16,3451.421142578125
2021-12-17,3372.35302734375
2021-12-20,3179.12451171875
2021-12-21,3148.702392578125
2021-12-22,3193.23388671875
2021-12-23,3179.414794921875
2021-12-24,3121.49951171875
2021-12-27,3142.16796875
2021-12-28,3113.02880859375
2021-12-29,3067.020751953125
2021-12-30,3052.838623046875
2021-12-31,3134.834716796875
2022-01-03,3182.149658203125
2022-01-04,3200.8095703125
2022-01-05,3186.04638671875
2022-01-06,3179.75390625
2022-01-07,3229.464599609375
2022-01-10,3195.968994140625
2022-01-11,3148.24267578125
2022-01-12,3315.79296875
2022-01-13,3260.8544921875
2022-01-14,3276.900390625
2022-01-17,3244.784423828125
2022-01-18,3147.589111328125
2022-01-19,3103.66259765625
2022-01-20,3075.564453125
2022-01-21,2962.46826171875
2022-01-24,2825.7998046875
2022-01-25,2422.61865234375
2022-01-27,2209.2783203125
2022-01-28,2335.7822265625
2022-01-31,2414.72900390625
2022-02-01,2503.743896484375
2022-02-02,2552.462158203125
2022-02-03,2508.7294921875
2022-02-04,2458.994384765625
2022-02-07,2438.27734375
2022-02-08,2421.45703125
2022-02-09,2480.630859375
2022-02-10,2487.47998046875
2022-02-11,2442.46435546875
2022-02-14,2431.67041015625
2022-02-15,2500.984619140625
2022-02-16,2485.49560546875
2022-02-17,2424.240478515625
2022-02-18,2340.35595703125
2022-02-21,2302.431640625
2022-02-22,2318.864501953125
2022-02-23,2334.088134765625
2022-02-24,2320.77685546875
2022-02-25,2354.998291015625
2022-02-28,2310.82958984375
2022-03-02,2295.0986328125
2022-03-03,2200.95263671875
2022-03-04,2132.9208984375
2022-03-07,1952.5194091796875
2022-03-08,1975.72900390625
2022-03-09,2074.81201171875
2022-03-10,2178.565673828125
2022-03-11,2167.239013671875
2022-03-14,2136.3330078125
2022-03-15,2106.46826171875
2022-03-16,2161.043701171875
2022-03-17,2175.56494140625
2022-03-21,2144.77978515625
2022-03-22,2170.91796875
2022-03-23,2172.2490234375
2022-03-24,2182.051025390625
2022-03-25,2155.622314453125
2022-03-28,2116.923828125
2022-03-29,2082.532470703125
2022-03-30,2137.68896484375
2022-03-31,2092.33447265625
2022-04-01,2154.581787109375
2022-04-04,2333.990966796875
2022-04-05,2453.7666015625
2022-04-06,2418.50439453125
2022-04-07,2348.609375
2022-04-08,2383.65380859375
2022-04-11,2452.2177734375
2022-04-12,2424.772705078125
2022-04-13,2370.003173828125
2022-04-18,2350.5693359375
2022-04-19,2297.276611328125
2022-04-20,2280.8916015625
2022-04-21,2320.70458984375
2022-04-22,2334.620361328125
2022-04-25,2329.99755859375
2022-04-26,2415.527587890625
2022-04-27,2342.461669921875
2022-04-28,2367.656005859375
2022-04-29,2378.934326171875
2022-05-02,2360.782470703125
2022-05-04,2336.91943359375
2022-05-05,2220.508056640625
2022-05-06,2138.82666015625
2022-05-09,2135.19580078125
2022-05-10,2124.28076171875
2022-05-11,2090.833740234375
2022-05-12,2042.1634521484375
2022-05-13,2027.0614013671875
2022-05-16,2032.99072265625
2022-05-17,2067.5029296875
2022-05-18,2061.404296875
2022-05-19,2008.4501953125
2022-05-20,2069.875
2022-05-23,2071.278564453125
2022-05-24,2060.920166015625
2022-05-25,1996.7847900390625
2022-05-26,2020.6722412109375
2022-05-27,2185.58447265625
2022-05-30,2200.66259765625
2022-05-31,2204.558837890625
2022-06-01,2211.698486328125
2022-06-02,2220.48388671875
2022-06-03,2182.46240234375
2022-06-06,2142.11767578125
2022-06-07,2104.21728515625
2022-06-08,2098.191162109375
2022-06-09,2108.1865234375
2022-06-10,2048.16552734375
2022-06-13,1979.1173095703125
2022-06-14,1993.7110595703125
2022-06-15,2020.5753173828125
2022-06-16,1978.221923828125
2022-06-17,1924.4207763671875
2022-06-20,1845.546630859375
2022-06-21,2025.343017578125
2022-06-22,1982.3846435546875
2022-06-23,1991.9443359375
2022-06-24,2004.2147216796875
2022-06-27,2007.022216796875
2022-06-28,1971.6873779296875
2022-06-29,1892.667724609375
2022-06-30,1843.803955078125
2022-07-01,1848.3055419921875
2022-07-04,1822.6756591796875
2022-07-05,1795.6177978515625
2022-07-06,1807.9609375
2022-07-07,1893.4422607421875
2022-07-08,1891.8448486328125
2022-07-11,1881.2445068359375
2022-07-12,1862.6331787109375
2022-07-13,1893.224609375
2022-07-14,1897.5567626953125
2022-07-15,1924.5418701171875
2022-07-18,1969.242919921875
2022-07-19,1988.43505859375
2022-07-20,2014.9847412109375
2022-07-21,2060.21826171875
2022-07-22,1972.195556640625
2022-07-25,1929.6728515625
2022-07-26,1944.41162109375
2022-07-27,1983.88525390625
2022-07-28,2012.7340087890625
2022-07-29,2059.177490234375
2022-08-01,2081.39501953125
2022-08-02,2088.607421875
2022-08-03,2076.38525390625
2022-08-04,2171.644287109375
2022-08-05,2213.803955078125
2022-08-08,2173.193115234375
2022-08-10,2124.813232421875
2022-08-11,2117.504150390625
2022-08-12,2067.817626953125
2022-08-16,2121.037841796875
2022-08-17,2120.166259765625
2022-08-18,2146.571044921875
2022-08-19,2080.257568359375
2022-08-22,1989.354736328125
2022-08-23,1997.0267333984375
2022-08-24,1980.424072265625
2022-08-25,2075.1025390625
2022-08-26,2118.351318359375
2022-08-29,2134.08251953125
2022-08-30,2134.638916015625
2022-09-01,2171.07958984375
2022-09-02,2301.345458984375
2022-09-05,2257.011962890625
2022-09-06,2270.42578125
2022-09-07,2297.205078125
2022-09-08,2298.68212890625
2022-09-09,2308.8515625
2022-09-12,2307.423095703125
2022-09-13,2308.2705078125
2022-09-14,2282.58056640625
2022-09-15,2274.61474609375
2022-09-16,2172.605224609375
2022-09-19,2134.542724609375
2022-09-20,2148.295654296875
2022-09-21,2132.072998046875
2022-09-22,2133.961181640625
2022-09-23,2131.83056640625
2022-09-26,2112.992919921875
2022-09-27,2135.002685546875
2022-09-28,2102.363525390625
2022-09-29,2136.285888671875
2022-09-30,2158.75537109375
2022-10-03,2165.074951171875
2022-10-04,2184.78466796875
2022-10-06,2189.941650390625
2022-10-07,2172.677978515625
2022-10-10,2165.97119140625
2022-10-11,2126.843017578125
2022-10-12,2158.731201171875
2022-10-13,2112.41162109375
2022-10-14,2100.1357421875
2022-10-17,2117.666259765625
2022-10-18,2183.476806640625
2022-10-19,2177.181396484375
2022-10-20,2140.038818359375
2022-10-21,2111.7578125
2022-10-24,2111.7578125
2022-10-25,2126.79443359375
2022-10-27,2211.7333984375
2022-10-28,2199.21533203125
2022-10-31,2223.45263671875
2022-11-01,2242.7744140625
2022-11-02,2245.970703125
2022-11-03,2283.28271484375
2022-11-04,2276.45458984375
2022-11-07,2320.643310546875
2022-11-09,2326.89013671875
2022-11-10,2334.444580078125
2022-11-11,2322.28955078125
2022-11-14,2244.832763671875
2022-11-15,2278.076904296875
2022-11-16,2281.66064453125
2022-11-17,2219.481689453125
2022-11-18,2175.074951171875
2022-11-21,2133.01708984375
2022-11-22,2122.8232421875
2022-11-23,2102.19384765625
2022-11-24,2100.78955078125
2022-11-25,2120.862060546875
2022-11-28,2133.50146484375
2022-11-29,2123.162353515625
2022-11-30,2122.799072265625
2022-12-01,2151.757568359375
2022-12-02,2163.0654296875
2022-12-05,2169.336669921875
2022-12-06,2158.876708984375
2022-12-07,2122.31494140625
2022-12-08,2139.796875
2022-12-09,2147.907958984375
2022-12-12,2150.111328125
2022-12-13,2121.39501953125
2022-12-14,2127.351318359375
2022-12-15,2107.13330078125
2022-12-16,2099.02197265625
2022-12-19,2170.038818359375
2022-12-20,2188.270751953125
2022-12-21,2134.30029296875
2022-12-22,2104.8818359375
2022-12-23,1989.700439453125
2022-12-26,2056.116455078125
2022-12-27,2062.048828125
2022-12-28,2038.8043212890625
2022-12-29,2071.7099609375
2022-12-30,2091.75830078125
2023-01-02,2095.5595703125
2023-01-03,2107.0849609375
2023-01-04,2111.3466796875
2023-01-05,2115.268798828125
2023-01-06,2101.467529296875
2023-01-09,2104.155517578125
2023-01-10,2113.767822265625
2023-01-11,2133.162109375
2023-01-12,2153.283203125
2023-01-13,2160.062744140625
2023-01-16,2220.95849609375
2023-01-17,2198.779541015625
2023-01-18,2184.32421875
2023-01-19,2169.23974609375
2023-01-20,2203.186279296875
2023-01-23,2225.147705078125
2023-01-24,2273.331298828125
2023-01-25,2266.672607421875
2023-01-27,2147.37548828125
2023-01-30,2139.50634765625
2023-01-31,2197.859619140625
2023-02-01,2182.750244140625
2023-02-02,2197.81103515625
2023-02-03,2211.636474609375
2023-02-06,2274.178955078125
2023-02-07,2283.52490234375
2023-02-08,2276.503173828125
2023-02-09,2300.982421875
2023-02-10,2320.44970703125
2023-02-13,2268.60986328125
2023-02-14,2284.033447265625
2023-02-15,2297.03564453125
2023-02-16,2321.708740234375
2023-02-17,2323.209716796875
2023-02-20,2302.2412109375
2023-02-21,2305.243896484375
2023-02-22,2285.3408203125
2023-02-23,2318.924072265625
2023-02-24,2308.996826171875
2023-02-27,2297.97998046875
2023-02-28,2348.1494140625
2023-03-01,2397.713134765625
2023-03-02,2376.18798828125
2023-03-03,2380.231689453125
2023-03-06,2399.1416015625
2023-03-08,2387.204833984375
2023-03-09,2392.362060546875
2023-03-10,2302.871337890625
2023-03-13,2257.278076171875
2023-03-14,2279.675048828125
2023-03-15,2295.0986328125
2023-03-16,2324.832275390625
2023-03-17,2369.722900390625
2023-03-20,2374.9287109375
2023-03-21,2470.836181640625
2023-03-22,2438.269775390625
2023-03-23,2388.802978515625
2023-03-24,2410.086181640625
2023-03-27,2439.190185546875
2023-03-28,2426.74462890625
2023-03-29,2424.420166015625
2023-03-31,2430.86083984375
2023-04-03,2429.407958984375
2023-04-05,2446.574951171875
2023-04-06,2421.46630859375
2023-04-10,2443.45166015625
2023-04-11,2487.204345703125
2023-04-12,2581.8046875
2023-04-13,2610.884033203125
2023-04-17,2592.700439453125
2023-04-18,2595.96923828125
2023-04-19,2614.0078125
2023-04-20,2618.971435546875
2023-04-21,2542.21630859375
2023-04-24,2520.279296875
2023-04-25,2575.436279296875
2023-04-26,2554.056396484375
2023-04-27,2541.635009765625
2023-04-28,2598.85009765625
2023-05-02,2725.484130859375
2023-05-03,2777.275634765625
2023-05-04,2925.0234375
2023-05-05,2879.842041015625
2023-05-08,2898.606689453125
2023-05-09,2876.161376953125
2023-05-10,2870.85888671875
2023-05-11,2872.000732421875
2023-05-12,2871.3447265625
2023-05-15,2893.91455078125
2023-05-16,2843.16259765625
2023-05-17,2823.04638671875
2023-05-18,2740.808349609375
2023-05-19,2715.444091796875
2023-05-22,2707.013671875
2023-05-23,2689.39990234375
2023-05-24,2693.141357421875
2023-05-25,2671.737548828125
2023-05-26,2701.54736328125
2023-05-29,2694.59912109375
2023-05-30,2673.68115234375
2023-05-31,2711.5810546875
2023-06-01,2721.5419921875
2023-06-02,2770.010498046875
2023-06-05,2730.23974609375
2023-06-06,2723.65576171875
2023-06-07,2744.913818359375
2023-06-08,2690.444580078125
2023-06-09,2715.177001953125
2023-06-12,2758.494873046875
2023-06-13,2792.0703125
2023-06-14,2823.43505859375
2023-06-15,2837.137451171875
2023-06-16,2871.587646484375
2023-06-19,2871.83056640625
2023-06-20,2874.235595703125
2023-06-21,2906.1591796875
2023-06-22,2845.6650390625
2023-06-23,2823.556640625
2023-06-26,2792.16748046875
2023-06-27,2767.921142578125
2023-06-28,2718.796875
2023-06-30,2734.831298828125
2023-07-03,2692.947021484375
2023-07-04,2716.270263671875
2023-07-05,2723.8017578125
2023-07-06,2755.773681640625
2023-07-07,2668.360595703125
2023-07-10,2574.53369140625
2023-07-11,2693.773193359375
2023-07-12,2710.09912109375
2023-07-13,2671.08154296875
2023-07-14,2768.941650390625
2023-07-17,2820.738525390625
2023-07-18,2809.46533203125
2023-07-19,2792.459228515625
2023-07-20,2818.697509765625
2023-07-21,3062.1328125
2023-07-24,2960.67724609375
2023-07-25,2854.89697265625
2023-07-26,2859.756103515625
2023-07-27,2916.1689453125
2023-07-28,3003.095947265625
2023-07-31,3024.62109375
2023-08-01,3040.89892578125
2023-08-02,2947.509521484375
2023-08-03,2934.8759765625
2023-08-04,3037.060302734375
2023-08-07,3082.054443359375
2023-08-08,3097.31201171875
2023-08-09,3064.173583984375
2023-08-10,3070.927490234375
2023-08-11,3045.806640625
2023-08-14,3091.043701171875
2023-08-16,3036.428955078125
2023-08-17,3039.68408203125
2023-08-18,2994.058349609375
2023-08-21,3025.787841796875
2023-08-22,3067.8662109375
2023-08-23,3024.087158203125
2023-08-24,3043.5712890625
2023-08-25,2930.940185546875
2023-08-28,2943.281982421875
2023-08-29,2934.487060546875
2023-08-30,2920.979248046875
2023-08-31,2974.719482421875
2023-09-01,3024.087158203125
2023-09-04,3056.93359375
2023-09-05,3125.154052734375
2023-09-06,3175.784423828125
2023-09-07,3112.22900390625
2023-09-08,3128.215087890625
2023-09-11,3101.393310546875
2023-09-12,3043.5712890625
2023-09-13,3001.346923828125
2023-09-14,3014.660400390625
2023-09-15,2999.4033203125
2023-09-18,2941.046630859375
2023-09-20,2934.72998046875
2023-09-21,2903.681396484375
2023-09-22,2906.839599609375
2023-09-25,2865.05224609375
2023-09-26,2833.90625
2023-09-27,2828.9501953125
2023-09-28,2786.871337890625
2023-09-29,2795.18017578125
2023-10-03,2801.10791015625
2023-10-04,2803.34326171875
2023-10-05,2780.991943359375
2023-10-06,2787.016845703125
2023-10-09,2725.50244140625
2023-10-10,2741.245361328125
2023-10-11,2751.206298828125
2023-10-12,2756.114013671875
2023-10-13,2746.1044921875
2023-10-16,2741.48828125
2023-10-17,2742.41162109375
2023-10-18,2716.415771484375
2023-10-19,2682.888916015625
2023-10-20,2645.7177734375
2023-10-23,2617.098388671875
2023-10-25,2616.272216796875
2023-10-26,2585.223388671875
2023-10-27,2693.3359375
2023-10-30,2560.102294921875
2023-10-31,2574.873779296875
2023-11-01,2477.6455078125
2023-11-02,2492.3681640625
2023-11-03,2517.78076171875
2023-11-06,2511.366943359375
2023-11-07,2531.96875
2023-11-08,2563.600830078125
2023-11-09,2547.566162109375
2023-11-10,2528.373046875
2023-11-13,2512.82421875
2023-11-15,2511.318115234375
2023-11-16,2528.664794921875
2023-11-17,2533.523681640625
2023-11-20,2554.36865234375
2023-11-21,2520.210205078125
2023-11-22,2506.896484375
2023-11-23,2520.696044921875
2023-11-24,2525.798095703125
2023-11-28,2517.197509765625
2023-11-29,2539.986083984375
2023-11-30,2530.6083984375
2023-12-01,2524.874755859375
2023-12-04,2530.948486328125
2023-12-05,2528.51904296875
2023-12-06,2632.987060546875
2023-12-07,2642.1220703125
2023-12-08,2601.79248046875
2023-12-11,2602.6669921875
2023-12-12,2673.89990234375
2023-12-13,2714.375244140625
2023-12-14,2717.72802734375
2023-12-15,2712.383056640625
2023-12-18,2755.093505859375
2023-12-19,2730.118408203125
2023-12-20,2605.339599609375
2023-12-21,2662.675537109375
2023-12-22,2635.270751953125
2023-12-26,2673.2197265625
2023-12-27,2693.38427734375
2023-12-28,2714.861083984375
2023-12-29,2645.134521484375
2024-01-01,2648.39013671875
2024-01-02,2631.577880859375
2024-01-03,2629.245849609375
2024-01-04,2652.27734375
2024-01-05,2665.78515625
2024-01-08,2598.876953125
2024-01-09,2534.9814453125
2024-01-10,2505.244384765625
2024-01-11,2526.575439453125
2024-01-12,2520.404541015625
2024-01-15,2545.914306640625
2024-01-16,2579.343994140625
2024-01-17,2527.69287109375
2024-01-18,2418.462890625
2024-01-19,2559.227783203125
2024-01-23,2370.261962890625
2024-01-24,2380.417236328125
2024-01-25,2380.12548828125
2024-01-29,2458.306396484375
2024-01-30,2429.104248046875
2024-01-31,2450.240966796875
2024-02-01,2487.6064453125
2024-02-02,2489.79296875
2024-02-05,2516.2744140625
2024-02-06,2528.51904296875
2024-02-07,2598.19677734375
2024-02-08,2611.607666015625
2024-02-09,2620.54833984375
2024-02-12,2665.396728515625
2024-02-13,2623.51220703125
2024-02-14,2628.85693359375
2024-02-15,2654.26953125
2024-02-16,2696.8828125
2024-02-19,2699.652587890625
2024-02-20,2705.53173828125
2024-02-21,2642.024658203125
2024-02-22,2630.752197265625
2024-02-23,2595.62158203125
2024-02-26,2605.19384765625
2024-02-27,2634.784912109375
2024-02-28,2588.47900390625
2024-02-29,2579.829833984375
2024-03-01,2581.481689453125
2024-03-04,2550.627197265625
2024-03-05,2565.35009765625
2024-03-06,2508.013916015625
2024-03-07,2535.66162109375
2024-03-11,2475.458984375
2024-03-12,2540.909423828125
2024-03-13,2445.916259765625
2024-03-14,2541.346923828125
2024-03-15,2553.688720703125
2024-03-18,2539.840576171875
2024-03-19,2523.757080078125
2024-03-20,2512.38720703125
2024-03-21,2603.104248046875
2024-03-22,2599.119873046875
2024-03-26,2612.579345703125
2024-03-27,2607.96337890625
2024-03-28,2570.840576171875
2024-04-01,2634.833740234375
2024-04-02,2546.740234375
2024-04-03,2536.779296875
2024-04-04,2466.906982421875
2024-04-05,2471.474365234375
2024-04-08,2485.516845703125
2024-04-09,2490.035888671875
2024-04-10,2491.882080078125
2024-04-12,2507.77099609375
2024-04-15,2478.8603515625
2024-04-16,2503.39794921875
2024-04-18,2467.927490234375
2024-04-19,2454.953857421875
2024-04-22,2528.470458984375
2024-04-23,2561.51171875
2024-04-24,2562.629150390625
2024-04-25,2583.328369140625
2024-04-26,2559.762451171875
2024-04-29,2549.266845703125
2024-04-30,2569.334228515625
2024-05-02,2780.360107421875
2024-05-03,2720.69189453125
2024-05-06,2704.802978515625
2024-05-07,2677.009521484375
2024-05-08,2640.9560546875
2024-05-09,2570.403564453125
2024-05-10,2590.61669921875
2024-05-13,2571.763671875
2024-05-14,2552.133544921875
2024-05-15,2553.639892578125
2024-05-16,2547.80908203125
2024-05-17,2562.240478515625
2024-05-21,2531.531494140625
2024-05-22,2542.3671875
2024-05-23,2519.23828125
2024-05-24,2487.9462890625
2024-05-27,2476.867919921875
2024-05-28,2455.19677734375
2024-05-29,2438.48193359375
2024-05-30,2374.489013671875
2024-05-31,2349.513671875
2024-06-03,2376.0927734375
2024-06-04,2303.88818359375
2024-06-05,2419.288818359375
2024-06-06,2474.778564453125
2024-06-07,2490.597412109375
2024-06-10,2510.481201171875
2024-06-11,2502.057373046875
2024-06-12,2542.6083984375
2024-06-13,2518.512939453125
2024-06-14,2524.68359375
2024-06-18,2510.970947265625
2024-06-19,2540.50244140625
2024-06-20,2561.022705078125
2024-06-21,2600.64306640625
2024-06-24,2609.50732421875
2024-06-25,2646.38525390625
2024-06-26,2628.41162109375
2024-06-27,2632.623291015625
2024-06-28,2625.864990234375
2024-07-01,2629.73388671875
2024-07-02,2618.32275390625
2024-07-03,2641.634765625
2024-07-04,2643.78955078125
2024-07-05,2643.44677734375
2024-07-08,2592.121337890625
2024-07-09,2661.91015625
2024-07-10,2684.046630859375
2024-07-11,2704.56689453125
2024-07-12,2754.324951171875
2024-07-15,2835.377685546875
2024-07-16,2803.88720703125
2024-07-18,2859.42431640625
2024-07-19,2740.80810546875
2024-07-22,2797.177734375
2024-07-23,2828.815185546875
2024-07-24,2945.8642578125
2024-07-25,2930.927001953125
2024-07-26,2970.7431640625
2024-07-29,2986.4150390625
2024-07-30,3087.792236328125
2024-07-31,2884.4501953125
2024-08-01,2789.7333984375
2024-08-02,2731.5517578125
2024-08-05,2612.5927734375
2024-08-06,2623.3671875
2024-08-07,2695.604736328125
2024-08-08,2742.962890625
2024-08-09,2720.287841796875
2024-08-12,2700.7470703125
2024-08-13,2644.034423828125
2024-08-14,2618.518798828125
2024-08-16,2692.3232421875
2024-08-19,2794.04345703125
2024-08-20,2846.152099609375
2024-08-21,2851.29443359375
2024-08-22,2855.653076171875
2024-08-23,2837.23876953125
2024-08-26,2900.61181640625
2024-08-27,2932.8369140625
2024-08-28,2982.30126953125
2024-08-29,2958.3037109375
2024-08-30,2938.51806640625
2024-09-02,2908.398681640625
2024-09-03,2962.41748046875
2024-09-04,2992.047119140625
2024-09-05,2967.02099609375
2024-09-06,2922.601318359375
2024-09-09,2976.71826171875
2024-09-10,3063.794677734375
2024-09-11,3039.3564453125
2024-09-12,3064.578369140625
2024-09-13,3064.529296875
2024-09-16,3047.486328125
2024-09-17,2982.350341796875
2024-09-18,2927.74365234375
2024-09-19,2924.560302734375
2024-09-20,2992.43896484375
2024-09-23,2980.34228515625
2024-09-24,2916.822265625
2024-09-25,2866.133544921875
2024-09-26,2830.2353515625
2024-09-27,2858.3466796875
2024-09-30,2891.2578125
2024-10-01,2937.048828125
2024-10-03,2853.3515625
2024-10-04,2782.632080078125
2024-10-07,2722.148681640625
2024-10-08,2900.415771484375
2024-10-09,2937.4404296875
2024-10-10,2931.906494140625
2024-10-11,2949.63525390625
2024-10-14,2967.853759765625
2024-10-15,2978.1875
2024-10-16,2982.69287109375
2024-10-17,2975.73876953125
2024-10-18,2951.349365234375
2024-10-21,2457.14794921875
2024-10-22,2452.59326171875
2024-10-23,2434.423583984375
2024-10-24,2443.239013671875
2024-10-25,2388.73046875
2024-10-28,2464.346923828125
2024-10-29,2501.4208984375
2024-10-30,2497.69873046875
2024-10-31,2448.72412109375
2024-11-01,2498.824951171875
2024-11-04,2412.385009765625
2024-11-05,2383.2451171875
2024-11-06,2412.287353515625
2024-11-07,2359.49267578125
2024-11-08,2324.769775390625
2024-11-11,2320.60693359375
2024-11-12,2260.80908203125
2024-11-13,2250.4755859375
2024-11-14,2237.30126953125
2024-11-18,2196.015869140625
2024-11-19,2216.830078125
2024-11-21,2207.720703125
2024-11-22,2232.110107421875
2024-11-25,2262.033447265625
2024-11-26,2286.275634765625
2024-11-27,2318.598876953125
2024-11-28,2293.376953125
2024-11-29,2296.80517578125
2024-12-02,2314.33837890625
2024-12-03,2309.196044921875
2024-12-04,2316.884765625
2024-12-05,2319.039794921875
2024-12-06,2309.48974609375
2024-12-09,2322.516845703125
2024-12-10,2328.58984375
2024-12-11,2349.501953125
2024-12-12,2283.533447265625
2024-12-13,2336.62158203125
2024-12-16,2329.177490234375
2024-12-17,2318.64794921875
2024-12-18,2311.49755859375
2024-12-19,2314.92578125
2024-12-20,2203.802734375
2024-12-23,2206.006591796875
2024-12-24,2199.39501953125
2024-12-26,2185.731201171875
2024-12-27,2210.071533203125
2024-12-30,2222.266357421875
2024-12-31,2202.676513671875
2025-01-01,2237.93798828125
2025-01-02,2260.417236328125
2025-01-03,2204.243408203125
2025-01-06,2131.810302734375
2025-01-07,2246.508544921875
2025-01-08,2252.4833984375
2025-01-09,2274.6689453125
2025-01-10,2277.46044921875
2025-01-13,2196.701416015625
2025-01-14,2208.455322265625
2025-01-15,2164.329345703125
2025-01-16,2193.12646484375
2025-01-17,2235.783203125
2025-01-20,2223.441650390625
2025-01-21,2247.781982421875
2025-01-22,2099.487060546875
2025-01-23,2043.7542724609375
2025-01-24,2040.668701171875
2025-01-27,2041.3055419921875
2025-01-28,2044.537841796875
2025-01-29,2034.106201171875
2025-01-30,2035.281494140625
2025-01-31,2024.017333984375
2025-02-01,2122.211181640625
2025-02-03,2138.372802734375
2025-02-04,2142.14404296875
2025-02-05,2151.498046875
2025-02-06,2137.344482421875
2025-02-07,2128.088134765625
2025-02-10,2139.940185546875
2025-02-11,2104.8251953125
2025-02-12,2128.43115234375
2025-02-13,2154.24072265625
2025-02-14,2081.02392578125
2025-02-17,2059.279052734375
2025-02-18,2026.3682861328125
2025-02-19,2021.8134765625
2025-02-20,2027.543701171875
2025-02-21,1981.2137451171875
2025-02-24,1961.6239013671875
2025-02-25,1959.3712158203125
2025-02-27,1920.92626953125
2025-02-28,1924.648193359375
2025-03-03,1915.6859130859375
2025-03-04,1920.142578125
2025-03-05,1942.0831298828125
2025-03-06,1969.8516845703125
2025-03-07,1969.4598388671875
2025-03-10,1967.5499267578125
2025-03-11,1906.135986328125
2025-03-12,1895.067626953125
2025-03-13,1915.832763671875
2025-03-17,1918.918212890625
2025-03-18,1918.918212890625
2025-03-19,2046.30078125
2025-03-20,2083.66845703125
2025-03-21,2098.115966796875
2025-03-24,2094.14892578125
2025-03-25,2056.830322265625
2025-03-26,2026.9071044921875
2025-03-27,2027.5926513671875
2025-03-28,2026.270263671875
2025-04-01,2016.23046875
2025-04-02,2063.490966796875
2025-04-03,2097.038330078125
2025-04-04,2027.298828125
2025-04-07,1886.154296875
2025-04-08,1945.0216064453125
2025-04-09,1952.9066162109375
2025-04-11,2050.953369140625
2025-04-15,2091.112548828125
2025-04-16,2104.1396484375
2025-04-17,2151.547119140625
2025-04-21,2209.043212890625
2025-04-22,2234.216064453125
2025-04-23,2243.619140625
2025-04-24,2268.30224609375
2025-04-25,2201.990966796875
2025-04-28,2188.963623046875
2025-04-29,2283.1904296875
2025-04-30,2260.76025390625
2025-05-02,2216.68310546875
2025-05-05,2193.861083984375
2025-05-06,2163.888671875
2025-05-07,2225.6943359375
2025-05-08,2246.361572265625
2025-05-09,2209.3369140625
2025-05-12,2246.165771484375
2025-05-13,2302.1923828125
2025-05-14,2236.95849609375
2025-05-15,2282.70068359375
2025-05-16,2301.99658203125
2025-05-19,2334.417724609375
2025-05-20,2315.121826171875
2025-05-21,2342.743408203125
2025-05-22,2343.625
2025-05-23,2319.529541015625
2025-05-26,2284.36572265625
2025-05-27,2260.074462890625
2025-05-28,2271.24072265625
2025-05-29,2278.29296875
2025-05-30,2284.65966796875
2025-06-02,2276.333984375
2025-06-03,2313.2607421875
2025-06-04,2331.08740234375
2025-06-05,2387.800048828125
2025-06-06,2428.10009765625
2025-06-09,2472.10009765625
2025-06-10,2488.699951171875
2025-06-11,2498.10009765625
2025-06-12,2493.800048828125
2025-06-13,2468.699951171875
2025-06-16,2490.5
2025-06-17,2480.800048828125
2025-06-18,2471.60009765625
2025-06-19,2441.89990234375
2025-06-20,2490.39990234375
2025-06-23,2511.199951171875
2025-06-24,2494.89990234375
2025-06-25,2660.60009765625
2025-06-26,2637.300048828125
2025-06-27,2608.300048828125
2025-06-30,2598.0
2025-07-01,2597.800048828125
2025-07-02,2569.5
2025-07-03,2580.10009765625
2025-07-04,2546.699951171875
2025-07-07,2538.39990234375
2025-07-08,2553.60009765625
2025-07-09,2587.699951171875
2025-07-10,2586.199951171875
2025-07-11,2604.60009765625
2025-07-14,2741.60009765625
2025-07-15,2713.199951171875
2025-07-16,2658.89990234375
2025-07-17,2626.699951171875
2025-07-18,2652.60009765625
2025-07-21,2600.199951171875
2025-07-22,2552.0
2025-07-23,2591.0
2025-07-24,2621.0
2025-07-25,2560.5
2025-07-28,2556.300048828125
2025-07-29,2588.89990234375
2025-07-30,2585.199951171875
2025-07-31,2589.199951171875
2025-08-01,2598.800048828125
2025-08-04,2525.10009765625
2025-08-05,2486.800048828125
2025-08-06,2519.10009765625
2025-08-07,2560.199951171875
2025-08-08,2561.300048828125
2025-08-11,2540.60009765625
2025-08-12,2521.300048828125
2025-08-13,2552.89990234375
2025-08-14,2545.800048828125
2025-08-18,2572.89990234375
2025-08-19,2589.39990234375
2025-08-20,2623.60009765625
2025-08-21,2659.89990234375
2025-08-22,2670.5
2025-08-25,2637.60009765625
2025-08-26,2654.60009765625
2025-08-28,2577.699951171875
2025-08-29,2597.199951171875
2025-09-01,2600.199951171875
2025-09-02,2548.0
2025-09-03,2527.800048828125
2025-09-04,2561.199951171875
2025-09-05,2555.10009765625
2025-09-08,2574.60009765625
2025-09-09,2574.800048828125
2025-09-10,2576.39990234375
2025-09-11,2612.39990234375
2025-09-12,2600.699951171875
2025-09-15,2609.10009765625
2025-09-16,2597.800048828125
2025-09-17,2550.800048828125
2025-09-18,2523.0
2025-09-19,2469.60009765625
2025-09-22,2449.300048828125
2025-09-23,2391.0
2025-09-24,2376.699951171875
2025-09-25,2373.60009765625
2025-09-26,2366.800048828125
2025-09-29,2330.39990234375
2025-09-30,2356.39990234375
2025-10-01,2398.89990234375
2025-10-03,2371.39990234375
2025-10-06,2376.0
2025-10-07,2346.60009765625
2025-10-08,2437.60009765625
2025-10-09,2412.199951171875
2025-10-10,2391.39990234375
2025-10-13,2398.5
2025-10-14,2334.800048828125
2025-10-15,2329.699951171875
2025-10-16,2356.199951171875
2025-10-17,2344.10009765625
2025-10-20,2334.699951171875
2025-10-21,2376.699951171875
2025-10-23,2349.800048828125
2025-10-24,2370.800048828125
2025-10-27,2455.10009765625
2025-10-28,2480.39990234375
2025-10-29,2483.699951171875
2025-10-30,2469.60009765625
2025-10-31,2457.89990234375
2025-11-03,2466.800048828125
2025-11-04,2468.199951171875
2025-11-06,2473.10009765625
2025-11-07,2447.5
2025-11-10,2451.800048828125
2025-11-11,2452.0
2025-11-12,2504.5
2025-11-13,2477.10009765625
2025-11-14,2451.39990234375
2025-11-17,2475.5
2025-11-18,2446.199951171875
2025-11-19,2413.300048828125
2025-11-20,2391.800048828125
2025-11-21,2341.800048828125
2025-11-24,2307.5
2025-11-25,2359.5
2025-11-26,2339.5
2025-11-27,2323.10009765625
2025-11-28,2310.0
2025-12-01,2330.800048828125
2025-12-02,2326.10009765625
2025-12-03,2329.5
2025-12-04,2292.300048828125
2025-12-05,2312.39990234375
2025-12-08,2273.39990234375
2025-12-09,2257.800048828125
2025-12-10,2234.699951171875
2025-12-11,2238.800048828125
2025-12-12,2232.10009765625
2025-12-15,2266.5
2025-12-16,2221.39990234375
2025-12-17,2237.0
2025-12-18,2264.0
2025-12-19,2216.60009765625
2025-12-22,2218.10009765625
2025-12-23,2259.800048828125
2025-12-24,2230.699951171875
2025-12-26,2216.199951171875
2025-12-29,2199.300048828125
2025-12-30,2246.89990234375
2025-12-31,2223.5
2026-01-01,2194.10009765625
2026-01-02,2177.800048828125
2026-01-05,2199.10009765625
2026-01-06,2167.5
2026-01-07,2164.89990234375
2026-01-08,2166.89990234375
2026-01-09,2145.39990234375
2026-01-12,2153.800048828125
2026-01-13,2156.60009765625
2026-01-14,2114.5
2026-01-15,2114.5
2026-01-16,2289.0
2026-01-19,2194.39990234375
2026-01-20,2141.800048828125
2026-01-21,2264.60009765625
2026-01-22,2211.39990234375
2026-01-23,2194.0
2026-01-27,2186.300048828125
2026-01-28,2186.300048828125
2026-01-29,2175.300048828125
2026-01-30,2201.89990234375
2026-02-02,2210.10009765625
2026-02-03,2267.5
2026-02-04,2275.10009765625
2026-02-05,2282.800048828125
2026-02-06,2238.39990234375
2026-02-09,2248.300048828125
2026-02-10,2250.89990234375
2026-02-11,2243.0
2026-02-12,2200.199951171875
2026-02-13,2200.0
2026-02-16,2205.800048828125
2026-02-17,2223.699951171875
2026-02-18,2179.5
2026-02-19,2160.5
2026-02-20,2185.699951171875
2026-02-23,2217.300048828125
2026-02-24,2213.0
2026-02-25,2194.39990234375
2026-02-26,2180.800048828125
2026-02-27,2132.0
2026-03-02,2113.800048828125
2026-03-04,2080.89990234375
2026-03-05,2076.39990234375
2026-03-06,2120.60009765625
2026-03-09,2183.5
2026-03-10,2179.60009765625
2026-03-11,2130.39990234375
2026-03-12,2100.300048828125
2026-03-13,2101.89990234375
2026-03-16,2108.0
2026-03-17,2065.699951171875
2026-03-18,2098.10009765625
2026-03-19,2029.0
2026-03-20,1994.4000244140625
2026-03-23,1970.5
2026-03-24,1963.9000244140625
2026-03-25,2015.699951171875
2026-03-27,1970.699951171875
2026-03-30,1986.199951171875
2026-04-01,2038.800048828125
2026-04-02,2018.9000244140625
2026-04-06,2067.699951171875
2026-04-07,2053.5
2026-04-08,2095.199951171875
2026-04-09,2100.199951171875
2026-04-10,2100.0
2026-04-13,2106.800048828125
2026-04-15,2120.10009765625
2026-04-16,2155.699951171875
2026-04-17,2170.89990234375
2026-04-20,2184.60009765625
2026-04-21,2167.0
